,PERM,PORO,AQ_SIZE,CHAN
0,1944.2156591891824,0.16810961684165493,33.68467908225687,many
