,PERM,PORO,AQ_SIZE,CHAN
0,1392.3639752882618,0.22141335610257898,44.487957256486894,few
