,PERM,PORO,AQ_SIZE,CHAN
0,1886.7012397747483,0.21859248928606045,48.97498470043639,some
