,PERM,PORO,AQ_SIZE,CHAN
0,1250.6191696192318,0.18072104875312417,34.68706116518845,some
