,PERM,PORO,AQ_SIZE,CHAN
0,624.5875473984604,0.22937973787715715,38.2405370632942,few
