,PERM,PORO,AQ_SIZE,CHAN
0,1818.2980656241461,0.1998349790892946,47.819433034437374,few
