,PERM,PORO,AQ_SIZE,CHAN
0,1448.8616188977346,0.20600590024910664,43.87738424395533,many
