,PERM,PORO,AQ_SIZE,CHAN
0,1435.2404493941428,0.1925283256059789,39.651745048480805,many
