,PERM,PORO,AQ_SIZE,CHAN
0,1870.8764606483135,0.16062021408104793,20.001168491198925,some
