,PERM,PORO,AQ_SIZE,CHAN
0,1404.311751273537,0.20817418043476676,45.78271951719096,some
