,PERM,PORO,AQ_SIZE,CHAN
0,1432.9996534813079,0.18693128512818602,48.7843864987093,many
