,PERM,PORO,AQ_SIZE,CHAN
0,1876.6763717710962,0.1373327006534794,27.333183306989497,some
